{"parkaz": 1, "domeaz": 1, "hoffset": 0, "n360": 3426, "t360": 262.0, "tpoll": 0.015294804436660828, "tstart": 4.7020378, "nstart": 25, "tstop": 5.217536899999999, "nstop": 37, "vmax": 13.217021901049243, "tsafe": 0.9372793200000004, "ptable": [0.0, 0.5, 1.0, 1.1666666666666667, 1.3333333333333333, 1.5, 1.6, 1.7, 1.8, 1.9, 2.0, 2.0833333333333335, 2.1666666666666665, 2.25, 2.3333333333333335, 2.4166666666666665, 2.5, 2.5714285714285716, 2.642857142857143, 2.7142857142857144, 2.7857142857142856, 2.857142857142857, 2.9285714285714284, 3.0, 3.0625, 3.125, 3.1875, 3.25, 3.3125, 3.375, 3.4375, 3.5, 3.55, 3.6, 3.65, 3.7, 3.75, 3.8, 3.85, 3.9, 3.95], "tshort": 1.0, "maxerr": 4, "shuttime": 36, "savetime": "2022-12-31 15:12:36"}